{
  "pr_auc": 0.18390020379594252,
  "roc_auc": 0.7941652773902114,
  "f1": 0.2900763358778626,
  "threshold": 0.8510419130325317,
  "recall@0.5%": 0.0015723270440251573,
  "recall@1.0%": 0.012578616352201259,
  "recall@2.0%": 0.055031446540880505
}