{
  "pr_auc": 0.197591789355556,
  "roc_auc": 0.7627022649380012,
  "f1": 0.24867509172441907,
  "threshold": 0.7148334383964539,
  "recall@0.5%": 0.03930817610062893,
  "recall@1.0%": 0.06132075471698113,
  "recall@2.0%": 0.10534591194968554,
  "best_epoch": 100,
  "best_val_pr_auc": 0.5709689087957763
}