{
  "pr_auc": 0.448328671348105,
  "roc_auc": 0.8210146100605081,
  "f1": 0.4526979677645411,
  "threshold": 0.7773606181144714,
  "recall@0.5%": 0.06918238993710692,
  "recall@1.0%": 0.14779874213836477,
  "recall@2.0%": 0.2893081761006289
}