{
  "pr_auc": 0.31406882142779835,
  "roc_auc": 0.7902283481562572,
  "f1": 0.5171288743882545,
  "threshold": 0.6090452075004578,
  "recall@0.5%": 0.0015723270440251573,
  "recall@1.0%": 0.0110062893081761,
  "recall@2.0%": 0.14465408805031446
}