{
  "pr_auc": 0.44828440094046357,
  "roc_auc": 0.8210075295206342,
  "f1": 0.4526979677645411,
  "threshold": 0.777347207069397,
  "recall@0.5%": 0.06918238993710692,
  "recall@1.0%": 0.14779874213836477,
  "recall@2.0%": 0.2893081761006289
}