{
  "pr_auc": 0.42843720458295204,
  "roc_auc": 0.7916185189955234,
  "f1": 0.4868778280542987,
  "threshold": 0.5610358715057373,
  "recall@0.5%": 0.06918238993710692,
  "recall@1.0%": 0.14779874213836477,
  "recall@2.0%": 0.279874213836478
}