{
  "pr_auc": 0.16380645001793742,
  "roc_auc": 0.8239236685007502,
  "f1": 0.2559489262913523,
  "threshold": 0.9703135971230147,
  "model": "Logistic Regression",
  "best_val_f1": 0.5263157894267213,
  "recall@1.0%": 0.0047169811320754715
}