{
  "pr_auc": 0.36389190068545996,
  "roc_auc": 0.8296721724944726,
  "f1": 0.4863915715539947,
  "threshold": 0.8363953828811646,
  "model": "MLP",
  "best_val_f1": 0.7201125175309077,
  "recall@1.0%": 0.09433962264150944
}