{
  "pr_auc": 0.6582911858436294,
  "roc_auc": 0.8772618225637576,
  "f1": 0.6944971537001897,
  "threshold": 0.4860936447722163,
  "model": "Random Forest",
  "best_val_f1": 0.9575098813729579,
  "recall@1.0%": 0.17452830188679244
}