{
  "pr_auc": 0.6688945760598035,
  "roc_auc": 0.8880831979832238,
  "f1": 0.6987724268177526,
  "threshold": 0.7670755386352539,
  "model": "XGBoost",
  "best_val_f1": 0.9536489151374048,
  "recall@1.0%": 0.17452830188679244
}