{
  "pr_auc": 0.4662187923659751,
  "roc_auc": 0.8017805098227211,
  "f1": 0.4292527821939587,
  "threshold": 0.5005813241004944,
  "recall@0.5%": 0.08647798742138364,
  "recall@1.0%": 0.16981132075471697,
  "recall@2.0%": 0.3113207547169811
}